"","X","soil_sp","decay_cat","sterilization","plant_sp","pot_id","pair_id","block_id","above_mass","below_mass","rosetting","replicate","total_mass","height","apical_wilt","growth_rate","root_shoot_ratio"
"1",1,"M","fresh","sterile","M",1,"d","L",501.88,177.7,0,1,679.58,11.3,0,7.4,0.354068701681677
"2",2,"M","fresh","sterile","M",2,"j","L",152.45,89.49,0,2,241.94,5.5,1,2.7,0.587012135126271
"3",3,"M","fresh","sterile","M",3,"a","L",371.05,130.64,0,3,501.69,11.4,0,4.8,0.352081929659076
"4",4,"M","fresh","sterile","M",4,"c","L",336.02,197.62,0,4,533.64,11.1,0,4.6,0.588119754776501
"5",5,"M","fresh","sterile","M",5,"f","L",365.85,123.75,0,5,489.6,10,0,5,0.338253382533825
"6",6,"M","fresh","sterile","M",6,"e","L",215.88,92.15,0,6,308.03,9.4,0,3.6,0.426857513433389
"7",7,"M","fresh","sterile","M",7,"i","L",414.24,143.6,0,7,557.84,11.5,0,6.4,0.346658941676323
"8",8,"M","fresh","sterile","M",8,"b","L",935.99,367.09,0,8,1303.08,16.9,0,10.3,0.392194361050866
"9",9,"M","fresh","sterile","M",9,"h","L",391.41,92.39,0,9,483.8,10,0,4.6,0.236044045885389
"10",10,"M","fresh","sterile","M",10,"g","L",186.56,72.46,0,10,259.02,8.2,0,2.8,0.38840051457976
"11",11,"M","fresh","live","M",11,"j","E",1478.72,939.22,0,1,2417.94,15.1,0,9.7,0.635157433455962
"12",12,"M","fresh","live","M",12,"g","L",191.4,153.71,0,2,345.11,7,1,1.7,0.803082549634274
"13",13,"M","fresh","live","M",13,"b","L",1882.4,1340.12,0,3,3222.52,16.6,0,9.3,0.7119209519762
"14",14,"M","fresh","live","M",14,"h","L",267.83,110.04,0,4,377.87,12.5,0,6.9,0.410857633573535
"15",15,"M","fresh","live","M",15,"a","L",1248.01,793.02,0,5,2041.03,15.5,0,7.3,0.635427600740379
"16",16,"M","fresh","live","M",16,"c","E",425.27,144.54,0,6,569.81,12.5,0,5.3,0.33987819502904
"17",17,"M","fresh","live","M",17,"d","E",589,154.45,0,7,743.45,15,0,9.5,0.262224108658744
"18",18,"M","fresh","live","M",18,"f","L",421.96,114.45,0,8,536.41,11,0,4.9,0.271234240212342
"19",19,"M","fresh","live","M",19,"e","E",574.36,275.12,0,9,849.48,11.2,0,7,0.479002716066578
"20",20,"M","fresh","live","M",20,"i","E",87.79,136.04,0,10,223.83,5.5,1,0.8,1.5496070167445
"21",21,"M","shortd","sterile","M",21,"f","C",433.47,111.96,0,1,545.43,9.4,0,5.2,0.258287770779985
"22",22,"M","shortd","sterile","M",22,"c","C",745.14,369.65,0,2,1114.79,13,0,8.4,0.496081273317766
"23",23,"M","shortd","sterile","M",23,"g","C",172.41,82.7,0,3,255.11,7.3,1,3.4,0.479670552752161
"24",24,"M","shortd","sterile","M",24,"h","C",429.8,146.77,0,4,576.57,12.1,0,7.9,0.341484411354118
"25",25,"M","shortd","sterile","M",25,"d","C",210.81,82.75,0,5,293.56,9.5,0,5.3,0.392533561026517
"26",26,"M","shortd","sterile","M",26,"j","C",319.57,171.76,0,6,491.33,8.2,0,5.3,0.537472228306787
"27",27,"M","shortd","sterile","M",27,"a","C",672.1,307.5,0,7,979.6,12.7,0,8.2,0.457521202202053
"28",28,"M","shortd","sterile","M",28,"i","C",140.92,80.54,0,8,221.46,5,1,0.9,0.571529946068692
"29",29,"M","shortd","sterile","M",29,"b","C",448.6,161.74,0,9,610.34,12.8,0,5.9,0.360543914400357
"30",30,"M","shortd","sterile","M",30,"e","C",468.74,277.71,0,10,746.45,10.1,0,5.2,0.592460639160302
"31",31,"M","shortd","live","M",31,"h","M",486.77,302.97,0,1,789.74,9,0,4.6,0.622408940567414
"32",32,"M","shortd","live","M",32,"g","M",170.97,136.91,0,2,307.88,5,1,1,0.800783763233316
"33",33,"M","shortd","live","M",33,"d","M",369.77,112.8,0,3,482.57,11.7,0,6,0.305054493333694
"34",34,"M","shortd","live","M",34,"e","M",157.39,95.22,0,4,252.61,7,0,3.4,0.604993964038376
"35",35,"M","shortd","live","M",35,"c","M",972.39,289.52,0,5,1261.91,18,0,13,0.297740618476126
"36",36,"M","shortd","live","M",36,"j","M",89.53,78.86,0,6,168.39,4,0,1.6,0.880822070814252
"37",37,"M","shortd","live","M",37,"i","M",794.06,368.14,0,7,1162.2,11.7,0,6.7,0.463617358889756
"38",38,"M","shortd","live","M",38,"a","M",878.83,553.87,0,8,1432.7,12.4,0,6.4,0.630235654222091
"39",39,"M","shortd","live","M",39,"b","M",485.52,230.52,0,9,716.04,8.7,0,4.6,0.474789915966387
"40",40,"M","shortd","live","M",40,"f","M",272.59,126.32,0,10,398.91,7.6,0,3.2,0.463406581312594
"41",41,"M","longd","sterile","M",161,"a","K",269.05,120.48,0,1,389.53,9.1,0,4.8,0.447797807099052
"42",42,"M","longd","sterile","M",162,"j","M",221.76,81.04,0,2,302.8,7.4,0,4.2,0.365440115440116
"43",43,"M","longd","sterile","M",163,"h","M",788.34,413.42,0,3,1201.76,15.8,0,9.7,0.524418398153081
"44",44,"M","longd","sterile","M",164,"i","M",442.75,370.34,0,4,813.09,12.2,0,7.4,0.836453980801807
"45",45,"M","longd","sterile","M",165,"g","M",636.17,333.74,0,5,969.91,13.5,0,9.4,0.524608202210101
"46",46,"M","longd","sterile","M",166,"c","K",422.78,151.42,0,6,574.2,9.4,0,4.7,0.358153176593027
"47",47,"M","longd","sterile","M",167,"b","K",230.77,86.08,0,7,316.85,10.5,0,6.4,0.3730120899597
"48",48,"M","longd","sterile","M",168,"f","M",602.05,435.59,0,8,1037.64,12,0,6.6,0.723511336267752
"49",49,"M","longd","sterile","M",169,"d","K",250.8,76.36,0,9,327.16,9.1,0,5.4,0.304465709728868
"50",50,"M","longd","sterile","M",170,"e","K",345.22,123.66,0,10,468.88,10.9,0,4.4,0.358206361160999
"51",51,"M","longd","live","M",51,"h","K",175.44,76.5,0,1,251.94,8.2,0,4.9,0.436046511627907
"52",52,"M","longd","live","M",52,"a","K",985.76,400.72,0,2,1386.48,14.3,0,9.2,0.406508683655251
"53",53,"M","longd","live","M",53,"b","K",155.49,83.9,0,3,239.39,9.3,0,4.4,0.539584539198662
"54",54,"M","longd","live","M",54,"g","K",687.17,306.07,0,4,993.24,13.5,0,8.8,0.445406522403481
"55",55,"M","longd","live","M",55,"j","K",450.41,177.46,0,5,627.87,11.4,0,7.2,0.393996580892964
"56",56,"M","longd","live","M",56,"c","K",618.37,210.7,0,6,829.07,13.8,0,7.8,0.340734511700115
"57",57,"M","longd","live","M",57,"d","K",570.27,208.56,0,7,778.83,12.9,0,6.8,0.365721500341943
"58",58,"M","longd","live","M",58,"i","K",217.34,84.78,0,8,302.12,9.2,0,4.8,0.390080058893899
"59",59,"M","longd","live","M",59,"e","K",1219.83,990.1,0,9,2209.93,14.9,0,10.2,0.811670478673258
"60",60,"M","longd","live","M",60,"f","K",137.38,128.08,0,10,265.46,5.9,1,1.5,0.932304556704033
"61",61,"E","fresh","sterile","M",61,"d","A",588.48,223.11,0,1,811.59,13.6,0,6.5,0.379129282218597
"62",62,"E","fresh","sterile","M",62,"a","A",1184.13,647.55,0,2,1831.68,16.8,0,9.6,0.546857186288668
"63",63,"E","fresh","sterile","M",63,"c","A",310.8,105.15,0,3,415.95,11,0,5.2,0.338320463320463
"64",64,"E","fresh","sterile","M",64,"f","A",838.07,342.62,0,4,1180.69,15.1,0,9.5,0.408820265610271
"65",65,"E","fresh","sterile","M",65,"j","A",489.27,251.98,0,5,741.25,12,0,6.6,0.515012160974513
"66",66,"E","fresh","sterile","M",66,"e","A",377.46,176.71,0,6,554.17,13,0,6.9,0.468155566152705
"67",67,"E","fresh","sterile","M",67,"i","A",353.48,102.42,0,7,455.9,10.3,0,5.8,0.289747651918072
"68",68,"E","fresh","sterile","M",68,"b","A",474.5,338.14,0,8,812.64,12.2,0,7,0.712623814541623
"69",69,"E","fresh","sterile","M",69,"g","A",755,300.66,0,9,1055.66,15.2,0,9.6,0.398225165562914
"70",70,"E","fresh","sterile","M",70,"h","A",1245.96,474.91,0,10,1720.87,18,0,11.7,0.381159908825323
"71",71,"E","fresh","live","M",71,"f","E",1213.59,646.69,0,1,1860.28,15.4,0,10.9,0.532873540487315
"72",72,"E","fresh","live","M",72,"c","E",1621.38,1409.9,0,2,3031.28,12.6,0,7.3,0.869567898950277
"73",73,"E","fresh","live","M",73,"b","E",1580.36,1264.36,0,3,2844.72,14.6,0,7.6,0.800045559239667
"74",74,"E","fresh","live","M",74,"j","E",601.53,223.26,0,4,824.79,13.4,0,7.8,0.371153558426014
"75",75,"E","fresh","live","M",75,"d","E",1361.54,805.14,0,5,2166.68,18.5,0,13,0.591345094525317
"76",76,"E","fresh","live","M",76,"a","E",1761.95,1089.53,0,6,2851.48,13.5,0,6.9,0.618366014926644
"77",77,"E","fresh","live","M",77,"i","E",495.03,103.37,0,7,598.4,10.5,0,5.4,0.208815627335717
"78",78,"E","fresh","live","M",78,"h","E",547.8,156.26,0,8,704.06,13.8,0,8.7,0.285250091274188
"79",79,"E","fresh","live","M",79,"g","E",557.63,423.62,0,9,981.25,11.8,0,5.2,0.759679357279917
"80",80,"E","fresh","live","M",80,"e","E",263.5,111.53,0,10,375.03,11,0,4.9,0.42326375711575
"81",81,"E","shortd","sterile","M",81,"g","G",294.28,98.46,0,1,392.74,10,0,4.4,0.334579312219655
"82",82,"E","shortd","sterile","M",82,"f","G",228.57,135.53,0,2,364.1,8.6,0,3.2,0.5929474559216
"83",83,"E","shortd","sterile","M",83,"i","G",261.73,159.69,0,3,421.42,7.3,0,3.6,0.610132579375692
"84",84,"E","shortd","sterile","M",84,"h","G",381.67,183.02,0,4,564.69,9.1,0,4.8,0.479524196295229
"85",85,"E","shortd","sterile","M",85,"b","G",256.07,116.76,0,5,372.83,12.8,0,7.2,0.45596907095716
"86",86,"E","shortd","sterile","M",86,"c","G",183.05,119.92,0,6,302.97,9.2,0,4.8,0.655121551488664
"87",87,"E","shortd","sterile","M",87,"a","G",573.06,579.47,0,7,1152.53,14.4,0,7.4,1.01118556521132
"88",88,"E","shortd","sterile","M",88,"d","G",123.24,78.23,0,8,201.47,2.6,1,1.4,0.634777669587796
"89",89,"E","shortd","sterile","M",89,"j","G",246.77,105.74,0,9,352.51,9.4,0,4.5,0.428496170523159
"90",90,"E","shortd","sterile","M",90,"e","G",315.32,149.82,0,10,465.14,11.1,0,5.9,0.475136369402512
"91",91,"E","shortd","live","M",91,"e","J",1453.29,952.31,0,1,2405.6,14,0,9.4,0.655278712438674
"92",92,"E","shortd","live","M",92,"g","J",162.97,117.64,0,2,280.61,11.4,0,7.3,0.72185064735841
"93",93,"E","shortd","live","M",93,"j","J",374.83,239.98,0,3,614.81,8.7,0,4.7,0.64023690739802
"94",94,"E","shortd","live","M",94,"i","J",1019.79,371.92,0,4,1391.71,11.7,0,6.4,0.364702536796792
"95",95,"E","shortd","live","M",95,"a","J",1050.7,400.31,0,5,1451.01,12.2,0,7,0.380993623298753
"96",96,"E","shortd","live","M",96,"d","J",1293.94,941.33,0,6,2235.27,14.1,0,9.7,0.727491228341345
"97",97,"E","shortd","live","M",97,"f","J",138.63,166.11,0,7,304.74,5.9,0,1.4,1.19822549231768
"98",98,"E","shortd","live","M",98,"b","J",853.79,565.84,0,8,1419.63,13.5,0,6.4,0.662739081038663
"99",99,"E","shortd","live","M",99,"h","J",1115.89,811.06,0,9,1926.95,13,0,8.3,0.726827913145561
"100",100,"E","shortd","live","M",100,"c","J",456.02,151.89,0,10,607.91,9,0,5.3,0.333077496601026
"101",101,"E","longd","sterile","M",101,"c","O",214.43,96.35,0,1,310.78,11,0,6.3,0.449330783938814
"102",102,"E","longd","sterile","M",102,"a","O",268.19,157.96,0,2,426.15,7.6,1,2.8,0.588985420783773
"103",103,"E","longd","sterile","M",103,"d","O",185.34,71.71,0,3,257.05,8.2,0,5.2,0.386910542786231
"104",104,"E","longd","sterile","M",104,"h","O",507.02,465.55,0,4,972.57,11,0,8.6,0.918208354700012
"105",105,"E","longd","sterile","M",105,"f","O",306.55,122.27,0,5,428.82,9.4,0,5.2,0.398858261295058
"106",106,"E","longd","sterile","M",106,"j","O",199.71,120.92,0,6,320.63,7.2,0,4.7,0.605477943017375
"107",107,"E","longd","sterile","M",107,"b","O",547.85,228.36,0,7,776.21,11.5,0,7.3,0.41682942411244
"108",108,"E","longd","sterile","M",108,"e","O",162.13,90.17,0,8,252.3,9.5,0,4.8,0.556158638129896
"109",109,"E","longd","sterile","M",109,"g","O",671.74,226.37,0,9,898.11,13.7,0,10.4,0.336990502277667
"110",110,"E","longd","sterile","M",110,"i","O",167.99,86.87,0,10,254.86,7.2,0,3.8,0.517114113935353
"111",111,"E","longd","live","M",111,"c","Q",527.57,198.2,0,1,725.77,13,0,9,0.375684743256819
"112",112,"E","longd","live","M",112,"i","Q",179.39,81.25,0,2,260.64,7,1,3,0.452923797313117
"113",113,"E","longd","live","M",113,"a","Q",1020.68,480.66,0,3,1501.34,17.7,0,13,0.470921346553278
"114",114,"E","longd","live","M",114,"f","Q",222.27,144.86,0,4,367.13,6.3,0,3,0.651729878076214
"115",115,"E","longd","live","M",115,"h","Q",119.15,110.05,0,5,229.2,5.3,0,1.8,0.923625681913554
"116",116,"E","longd","live","M",116,"g","Q",195.68,109.15,0,6,304.83,9.2,0,6.2,0.557798446443173
"117",117,"E","longd","live","M",117,"j","Q",762.97,289.48,0,7,1052.45,10.3,0,6.3,0.379412034549196
"118",118,"E","longd","live","M",118,"b","Q",565.45,158.66,0,8,724.11,11.8,0,6.5,0.280590679989389
"119",119,"E","longd","live","M",119,"d","Q",544.32,213.64,0,9,757.96,14,0,10.4,0.392489711934156
"120",120,"E","longd","live","M",120,"e","Q",237.82,118.41,0,10,356.23,7,0,3,0.497897569590447
"121",121,"M","fresh","sterile","E",121,"a","P",441.25,68.35,1,1,509.6,11.8,0,5.3,0.154900849858357
"122",122,"M","fresh","sterile","E",122,"e","P",301.37,52.62,1,2,353.99,10.9,0,6,0.174602647907887
"123",123,"M","fresh","sterile","E",123,"h","P",388.31,76.74,1,3,465.05,10.5,0,6,0.197625608405655
"124",124,"M","fresh","sterile","E",124,"g","P",781.12,221.73,0,4,1002.85,9.2,0,5.1,0.283861634575993
"125",125,"M","fresh","sterile","E",125,"f","P",292.17,37.32,1,5,329.49,10.7,0,6.1,0.127733853578396
"126",126,"M","fresh","sterile","E",126,"d","P",257.45,51.83,1,6,309.28,8,0,3.6,0.201320644785395
"127",127,"M","fresh","sterile","E",127,"j","P",342.31,78.03,1,7,420.34,9.9,0,6.2,0.227951272238614
"128",128,"M","fresh","sterile","E",128,"b","P",832.72,182.89,1,8,1015.61,11.5,0,6.6,0.219629647420501
"129",129,"M","fresh","sterile","E",129,"i","P",NA,NA,NA,9,NA,NA,0,NA,NA
"130",130,"M","fresh","sterile","E",130,"c","P",NA,NA,NA,10,NA,NA,0,NA,NA
"131",131,"M","fresh","live","E",131,"g","P",1229.4,793.76,0,1,2023.16,7.3,0,3.9,0.645648283715634
"132",132,"M","fresh","live","E",132,"j","P",1284.82,429.6,0,2,1714.42,10.7,0,6.8,0.334365903395028
"133",133,"M","fresh","live","E",133,"e","C",1066.46,579.9,0,3,1646.36,10.4,0,6,0.543761603810738
"134",134,"M","fresh","live","E",134,"f","P",823.8,151.15,0,4,974.95,12.5,0,8,0.183478999757223
"135",135,"M","fresh","live","E",135,"a","C",925.75,266.24,0,5,1191.99,16.4,0,10.4,0.287593842830138
"136",136,"M","fresh","live","E",136,"d","C",596.66,91.61,0,6,688.27,10.1,0,5.4,0.153538028357859
"137",137,"M","fresh","live","E",137,"b","C",1242.12,597.02,0,7,1839.14,14,0,8.7,0.480645992335684
"138",138,"M","fresh","live","E",138,"h","P",275.27,68.31,0,8,343.58,10.1,0,5.2,0.24815635557816
"139",139,"M","fresh","live","E",139,"i","P",1113.54,333.27,0,9,1446.81,12.7,0,7.9,0.299288754782046
"140",140,"M","fresh","live","E",140,"c","C",1607.42,747.35,0,10,2354.77,11,0,6.4,0.464937601871322
"141",141,"M","shortd","sterile","E",141,"b","H",598.17,104.61,0,1,702.78,14.8,0,10.6,0.174883394352776
"142",142,"M","shortd","sterile","E",142,"g","G",125.67,24.14,0,2,149.81,8.6,0,4.7,0.192090395480226
"143",143,"M","shortd","sterile","E",143,"f","G",154.37,38.75,0,3,193.12,8.8,1,4.7,0.251020275960355
"144",144,"M","shortd","sterile","E",144,"i","G",109.32,25.3,0,4,134.62,8.5,0,5,0.231430662275887
"145",145,"M","shortd","sterile","E",145,"e","H",212.9,42.07,0,5,254.97,8.7,0,5.3,0.19760450915923
"146",146,"M","shortd","sterile","E",146,"a","H",322.33,82.18,0,6,404.51,11.1,0,5.9,0.254956100890392
"147",147,"M","shortd","sterile","E",147,"c","H",290.61,88.84,0,7,379.45,8.5,0,5.6,0.305701799662778
"148",148,"M","shortd","sterile","E",148,"h","G",139.17,26.09,0,8,165.26,6.5,0,2.3,0.187468563627219
"149",149,"M","shortd","sterile","E",149,"d","H",NA,NA,NA,9,NA,NA,0,NA,NA
"150",150,"M","shortd","sterile","E",150,"j","G",48.23,6.14,1,10,54.37,4.8,0,NA,0.127306655608542
"151",151,"M","shortd","live","E",151,"c","H",364.32,55.52,1,1,419.84,7.7,0,3.2,0.152393500219587
"152",152,"M","shortd","live","E",152,"j","H",233.85,52.23,0,2,286.08,8.4,0,5,0.223348300192431
"153",153,"M","shortd","live","E",153,"f","H",190.02,30.77,0,3,220.79,8.8,0,5.2,0.161930323123882
"154",154,"M","shortd","live","E",154,"b","H",156.35,41.73,0,4,198.08,8.1,0,4.6,0.266901183242725
"155",155,"M","shortd","live","E",155,"g","H",365.93,65.2,0,5,431.13,8.6,0,5.6,0.178176153909218
"156",156,"M","shortd","live","E",156,"d","H",241.65,43.04,0,6,284.69,10.6,0,7.1,0.178108835092075
"157",157,"M","shortd","live","E",157,"a","H",420.82,94.02,0,7,514.84,12,0,8.5,0.223420940069388
"158",158,"M","shortd","live","E",158,"i","H",160.35,43.85,0,8,204.2,8.2,0,4.6,0.273464296850639
"159",159,"M","shortd","live","E",159,"h","H",711.59,124.65,0,9,836.24,9.4,0,6.3,0.175171095715229
"160",160,"M","shortd","live","E",160,"e","H",1063.65,498.51,0,10,1562.16,10.3,0,6.9,0.46867860668453
"161",161,"M","longd","sterile","E",41,"i","Q",35.58,9.15,0,1,44.73,3,1,0.2,0.25716694772344
"162",162,"M","longd","sterile","E",42,"d","B",470.38,89.15,0,2,559.53,9.5,0,5.8,0.189527615970067
"163",163,"M","longd","sterile","E",43,"g","Q",483.39,87.6,0,3,570.99,12.6,0,9.1,0.181220132812015
"164",164,"M","longd","sterile","E",44,"b","B",277.42,36.95,0,4,314.37,10.7,0,7.1,0.133191550717324
"165",165,"M","longd","sterile","E",45,"j","Q",85.82,10.16,0,5,95.98,6.5,0,NA,0.118387322302494
"166",166,"M","longd","sterile","E",46,"c","B",542.43,103.53,0,6,645.96,9.6,0,5,0.190863337204801
"167",167,"M","longd","sterile","E",47,"e","B",118.19,15.32,0,7,133.51,9,0,5,0.129621795414164
"168",168,"M","longd","sterile","E",48,"f","Q",148.15,36.94,0,8,185.09,9.7,0,5.9,0.24934188322646
"169",169,"M","longd","sterile","E",49,"a","B",294.58,66.14,0,9,360.72,10.1,0,6,0.224523049765768
"170",170,"M","longd","sterile","E",50,"h","Q",317.75,36.5,0,10,354.25,8.7,0,4.2,0.114870180959874
"171",171,"M","longd","live","E",171,"f","B",411.84,55.12,0,1,466.96,9.7,0,5.8,0.133838383838384
"172",172,"M","longd","live","E",172,"i","B",651.61,255.3,0,2,906.91,9,0,4.3,0.391798775341078
"173",173,"M","longd","live","E",173,"g","B",446.58,79.2,0,3,525.78,12.4,0,7.5,0.177347843611447
"174",174,"M","longd","live","E",174,"b","B",349.4,43.17,0,4,392.57,9.2,0,5.6,0.12355466514024
"175",175,"M","longd","live","E",175,"c","B",NA,NA,NA,5,NA,NA,0,NA,NA
"176",176,"M","longd","live","E",176,"j","B",445.23,101.14,0,6,546.37,11.6,0,9.1,0.227163488534016
"177",177,"M","longd","live","E",177,"a","B",377.09,85.85,0,7,462.94,8.5,0,4.5,0.227664483279854
"178",178,"M","longd","live","E",178,"e","B",427.56,79.91,0,8,507.47,10.4,0,6.5,0.186897745345682
"179",179,"M","longd","live","E",179,"d","B",245.34,45.87,0,9,291.21,9.1,0,4.4,0.186965028124236
"180",180,"M","longd","live","E",180,"h","B",842.53,188.86,0,10,1031.39,8.7,0,4,0.224158190212811
"181",181,"E","fresh","sterile","E",181,"d","A",331.15,53.52,0,1,384.67,13.2,0,8.8,0.161618601842066
"182",182,"E","fresh","sterile","E",182,"f","N",117.4,24.36,0,2,141.76,8.7,0,5.3,0.207495741056218
"183",183,"E","fresh","sterile","E",183,"g","N",373.08,91.25,0,3,464.33,7.4,0,3.9,0.244585611665058
"184",184,"E","fresh","sterile","E",184,"h","N",309.17,56.86,0,4,366.03,9.8,0,6.2,0.183911763754569
"185",185,"E","fresh","sterile","E",185,"c","A",366.74,67.67,1,5,434.41,12.9,0,7.8,0.18451764192616
"186",186,"E","fresh","sterile","E",186,"b","A",NA,NA,NA,6,NA,NA,0,NA,NA
"187",187,"E","fresh","sterile","E",187,"a","A",732.47,166.06,1,7,898.53,14.1,0,9.5,0.226712356820075
"188",188,"E","fresh","sterile","E",188,"j","N",660.53,117.59,0,8,778.12,15,0,13.3,0.178023708234297
"189",189,"E","fresh","sterile","E",189,"e","A",273.94,46,1,9,319.94,10,0,6.8,0.167919982477915
"190",190,"E","fresh","sterile","E",190,"i","N",394.46,65.21,0,10,459.67,10.7,0,7.7,0.165314607311261
"191",191,"E","fresh","live","E",191,"h","N",648.74,208.4,0,1,857.14,7.4,0,4.5,0.321238092302001
"192",192,"E","fresh","live","E",192,"a","N",679.76,107.29,0,2,787.05,11.7,0,8,0.157835118277039
"193",193,"E","fresh","live","E",193,"g","N",529.43,110.44,0,3,639.87,10.6,0,6.7,0.208601703719094
"194",194,"E","fresh","live","E",194,"c","N",723.7,170.17,0,4,893.87,12.5,0,8.3,0.235138869697388
"195",195,"E","fresh","live","E",195,"d","N",1077.39,471.77,0,5,1549.16,8.7,0,5.2,0.437882289607292
"196",196,"E","fresh","live","E",196,"e","N",250.14,51.62,0,6,301.76,11.7,0,6.7,0.206364435915887
"197",197,"E","fresh","live","E",197,"f","N",287.08,57.66,0,7,344.74,8.5,0,4.4,0.200849937299707
"198",198,"E","fresh","live","E",198,"b","N",326.05,66.56,0,8,392.61,11,0,6.9,0.204140469253182
"199",199,"E","fresh","live","E",199,"i","N",947.5,375.98,0,9,1323.48,9.3,0,6.3,0.396812664907652
"200",200,"E","fresh","live","E",200,"j","N",263.83,60.85,0,10,324.68,7.4,0,3.5,0.230640943031498
"201",201,"E","shortd","sterile","E",201,"i","D",859.96,212.23,1,1,1072.19,13.7,0,8.4,0.2467905483976
"202",202,"E","shortd","sterile","E",202,"e","J",182.63,33.03,0,2,215.66,7,0,4.4,0.180857471390243
"203",203,"E","shortd","sterile","E",203,"d","J",199.56,47.53,0,3,247.09,10.3,0,6.3,0.238173982762077
"204",204,"E","shortd","sterile","E",204,"h","D",996.3,231.09,1,4,1227.39,12.5,0,9.8,0.231948208370973
"205",205,"E","shortd","sterile","E",205,"g","D",386.67,60.16,1,5,446.83,10,0,5.7,0.15558486564771
"206",206,"E","shortd","sterile","E",206,"f","D",229.49,51,0,6,280.49,10.7,0,6.8,0.222231905529653
"207",207,"E","shortd","sterile","E",207,"b","J",905.4,185.86,0,7,1091.26,9,0,5.6,0.205279434504087
"208",208,"E","shortd","sterile","E",208,"c","J",168.47,34.46,0,8,202.93,10.4,0,6.5,0.204546803585208
"209",209,"E","shortd","sterile","E",209,"a","J",410.75,94.96,0,9,505.71,15.5,0,10.7,0.231186853317103
"210",210,"E","shortd","sterile","E",210,"j","D",193.06,49.38,1,10,242.44,8.8,0,5.9,0.255775406609344
"211",211,"E","shortd","live","E",211,"g","D",148.48,61.2,0,1,209.68,11.5,0,7.6,0.412176724137931
"212",212,"E","shortd","live","E",212,"a","D",454.47,148.05,0,2,602.52,11.8,0,6,0.325764076836755
"213",213,"E","shortd","live","E",213,"d","D",785.94,269.33,0,3,1055.27,8.7,0,5,0.342685192253862
"214",214,"E","shortd","live","E",214,"c","D",836.67,438.74,0,4,1275.41,7.1,0,3.7,0.524388349050402
"215",215,"E","shortd","live","E",215,"b","D",715.21,363.77,0,5,1078.98,8.6,0,4.1,0.50861984591938
"216",216,"E","shortd","live","E",216,"i","D",353.98,53.05,0,6,407.03,6.5,0,3.1,0.149867224136957
"217",217,"E","shortd","live","E",217,"e","D",449.63,172.13,0,7,621.76,8.7,0,4.3,0.382825879056113
"218",218,"E","shortd","live","E",218,"j","D",570.84,167.97,0,8,738.81,9,0,5.9,0.294250578095438
"219",219,"E","shortd","live","E",219,"f","D",743.58,198.55,0,9,942.13,9.6,0,5.4,0.267019016111246
"220",220,"E","shortd","live","E",220,"h","D",565.21,148.44,0,10,713.65,8.4,0,4.8,0.26262804975142
"221",221,"E","longd","sterile","E",221,"a","O",332.63,86.26,1,1,418.89,8.8,0,5.3,0.25932718035054
"222",222,"E","longd","sterile","E",222,"g","I",495.71,77.57,0,2,573.28,13.4,0,9.2,0.156482620887212
"223",223,"E","longd","sterile","E",223,"e","O",382.42,96.12,1,3,478.54,8.7,1,4,0.251346686888761
"224",224,"E","longd","sterile","E",224,"i","I",234.78,40.6,0,4,275.38,10.2,0,7.5,0.172927847346452
"225",225,"E","longd","sterile","E",225,"f","I",692.41,132.21,0,5,824.62,14,0,9.5,0.190941783047616
"226",226,"E","longd","sterile","E",226,"h","I",278.38,61.84,1,6,340.22,8.7,0,6.8,0.222142395287018
"227",227,"E","longd","sterile","E",227,"d","O",304.6,40.94,1,7,345.54,8.2,0,4.7,0.134405778069599
"228",228,"E","longd","sterile","E",228,"c","O",506.29,100.38,1,8,606.67,10.5,0,8,0.198265816034289
"229",229,"E","longd","sterile","E",229,"j","I",622.56,116.31,1,9,738.87,7.3,0,5,0.186825366229761
"230",230,"E","longd","sterile","E",230,"b","O",499.26,112.11,1,10,611.37,10.5,0,6.2,0.22455233745944
"231",231,"E","longd","live","E",231,"d","I",675.05,155.44,0,1,830.49,12,0,7.4,0.230264424857418
"232",232,"E","longd","live","E",232,"a","I",482.71,150.09,0,2,632.8,10.7,0,6.3,0.310932029582979
"233",233,"E","longd","live","E",233,"c","I",464.37,84.4,0,3,548.77,11.5,0,6.6,0.181751620475052
"234",234,"E","longd","live","E",234,"e","I",633.7,196.73,0,4,830.43,10.3,0,6,0.310446583556888
"235",235,"E","longd","live","E",235,"j","I",401.92,62.53,0,5,464.45,11.9,0,8.7,0.155578224522293
"236",236,"E","longd","live","E",236,"h","I",NA,NA,NA,6,NA,NA,0,NA,NA
"237",237,"E","longd","live","E",237,"b","I",207.42,57.64,0,7,265.06,13.1,0,8.2,0.277890270947835
"238",238,"E","longd","live","E",238,"g","I",276.47,94.2,0,8,370.67,12,0,7.8,0.340724129200275
"239",239,"E","longd","live","E",239,"f","I",222.59,37.09,0,9,259.68,8.1,0,3.6,0.166629228626623
"240",240,"E","longd","live","E",240,"i","I",229.85,54.16,0,10,284.01,11,0,7.4,0.235631933869915
"241",241,"bg","bg","bg","M",241,NA,"F",474.69,147.77,0,1,622.46,11.5,0,6.5,0.311297899681898
"242",242,"bg","bg","bg","M",242,NA,"F",525.78,357.48,0,2,883.26,10.8,0,5.5,0.679904142416981
"243",243,"bg","bg","bg","M",243,NA,"F",403.46,166.04,0,3,569.5,9.8,0,6.9,0.411540177464928
"244",244,"bg","bg","bg","M",244,NA,"F",509.67,162.09,0,4,671.76,11.2,0,7.8,0.318029313084937
"245",245,"bg","bg","bg","M",245,NA,"F",219.74,127.96,0,5,347.7,9.2,0,3.9,0.582324565395467
"246",246,"bg","bg","bg","E",246,NA,"F",219.81,74.43,0,1,294.24,11.2,0,7,0.338610618261226
"247",247,"bg","bg","bg","E",247,NA,"F",645.36,184.06,0,2,829.42,12.5,0,6.9,0.285205156811702
"248",248,"bg","bg","bg","E",248,NA,"F",226.6,31.72,0,3,258.32,10.9,0,6,0.139982347749338
"249",249,"bg","bg","bg","E",249,NA,"F",441.24,80.54,0,4,521.78,10.4,0,5.9,0.182531048862297
"250",250,"bg","bg","bg","E",250,NA,"F",718.89,178.1,1,5,896.99,14.6,0,9.1,0.24774304831059
